firstname,lastname,email,attribute_2,attribute_3,major,semester,language[a1],language[a2],iOSDev,appStoreLink,iOSDevExplained,introAssessment[INTRO],introAssessmentTutor[INTRO],devices[iPad],devices[iPhone],devices[Watch],devices[Mac],expinterWEBFE[expinter][1],expinterWEBFE[expinter][2],justifyWEBFE,expinterSSDEV[expinter][1],expinterSSDEV[expinter][2],justifySSDEV,expinterUIUX[expinter][1],expinterUIUX[expinter][2],justifyUIUX,expinterVRAR[expinter][1],expinterVRAR[expinter][2],justifyVRAR,otherSkills,Priorities[1],Priorities[2],Priorities[3],Priorities[4],Priorities[5],Priorities[6],Priorities[7],Priorities[8],Priorities[9],Priorities[10],Priorities[11],Comments,supervisorRating,CommentsTutor,IsPinned,teamName,skill.ml,attribute.hasRaspberryPi
Vorname 1,Nachname 1,vorname.nachname@1,tum_id_1,male,MSc Informatics,1,Native,C1/C2,I have no experience in Apple platform development other than the intro course.,,,hardly challenging,,No,No,No,Yes,expert skills,extremely interested,Lorem ipsum dolor sit amet; consectetuer adipiscing elit. Aenean commodo ligula eget dolor. Aenean massa. Cum sociis natoque penatibus et magnis dis parturient montes; nascetur rid,expert skills,high interest,Lorem ipsum dolor sit amet; consectetuer adipiscing elit. Aenean commodo ligula eget dolor. Aenean massa. Cum sociis natoque penatibus et magnis dis parturient montes; nascetur ridiculus mus. Donec qu,average skills,extremely interested,,advanced skills,extremely interested,Lorem ipsum dolor sit amet; consectetuer adipiscing elit. Aenean commodo ligula eget dolor. Aenean massa. Cum sociis natoque penatibus et magnis dis p,,iHaus,ALLZ,MED,IMT,BSH,BMW,QUAR,TSYS,ZF FH,McKIN,LMU,,Advanced,Lorem ipsum dolor sit amet; consectetuer adipiscing elit. Aenean commodo ligula eget dolor. Aenean massa. Cum sociis natoque penatibus et magnis dis parturient montes; nascetur ridiculus mus. Donec qu,false,BMW,true,false
Vorname 2,Nachname 2,vorname.nachname@2,tum_id_2,female,BSc Informatics,7,Native,C1/C2,I have no experience in Apple platform development other than the intro course.,,,very challenging,,No,No,No,No,no skills,extremely interested,,expert skills,average interest,Lorem ipsum dolor sit amet; consectetuer adipiscing elit. Aenean commodo ligula eget dolor. Aenean massa. Cum sociis natoque penatibus et magnis dis parturient montes; nascetur ridiculus mus. Donec qu,no skills,hardly interested,,average skills,average interest,,,LMU,ZF FH,McKIN,BMW,ALLZ,TSYS,iHaus,QUAR,BSH,IMT,MED,,Novice,Lorem ipsum dolor sit amet; consectetuer adipiscing elit. Aenean commodo ligula eget dolor. Aenean massa. Cum sociis natoque penatibus et magnis dis parturient montes; nascetur ridiculus mus. Donec qu,false,BMW,true,false
Vorname 3,Nachname 3,vorname.nachname@3,tum_id_3,male,MSc Informatics,4,Native,B1/B2,I was involved in the development of a native Apple application; but I had another role than developer (e.g. tester).,https://itunes.apple.com/us/app/xcode/id497799835?mt=12,In 2011/12 I developed an app to control and visualize a home heating system for a little company.,medium challenging,,No,No,No,Yes,average skills,extremely interested,,expert skills,hardly interested,Lorem ipsum dolor sit amet; consectetuer adipiscing elit. Aenean commodo ligula eget dolor. Aenean massa. Cum sociis natoque penatibus et magnis dis parturient montes; nascetur ridiculus mus. Donec qu,beginner skills,hardly interested,,beginner skills,not interested at all,,,BMW,iHaus,ZF FH,IMT,MED,LMU,QUAR,TSYS,McKIN,BSH,ALLZ,,Normal,Lorem ipsum dolor sit amet; consectetuer adipiscing elit. Aenean commodo ligula eget dolor. Aenean massa. Cum sociis natoque penatibus et magnis dis parturient montes; nascetur ridiculus mus. Donec qu,false,BMW,true,false
Vorname 4,Nachname 4,vorname.nachname@4,tum_id_4,male,MSc Informatics,3,Native,C1/C2,I have been an active developer for a native Apple application.,https://itunes.apple.com/us/app/xcode/id497799835?mt=12,Working on mobile Games; so I only developed an iOS App; but without ever writing Swift Code. We use the engine Unity; which is using C# as a scripting language. So I don't really know how that counts; or what I should tick,hardly challenging,,No,No,No,Yes,advanced skills,extremely interested,Lorem ipsum dolor sit amet; consectetuer adipiscing elit. Aenean commodo ligula eget dolor. Aenean massa. Cum sociis natoque penatibus et magnis dis parturient montes; nascetur rid,expert skills,average interest,Lorem ipsum dolor sit amet; consectetuer adipiscing elit. Aenean commodo ligula eget dolor. Aenean massa. Cum sociis natoque penatibus et magnis dis parturient montes; nascetur ridiculus mus. Donec qu,average skills,extremely interested,,average skills,hardly interested,,,ZF FH,IMT,MED,iHaus,BMW,BSH,LMU,QUAR,TSYS,ALLZ,McKIN,,Advanced,Lorem ipsum dolor sit amet; consectetuer adipiscing elit. Aenean commodo ligula eget dolor. Aenean massa. Cum sociis natoque penatibus et magnis dis parturient montes; nascetur ridiculus mus. Donec qu,false,,false,false
Vorname 5,Nachname 5,vorname.nachname@5,tum_id_5,male,BSc Informatics,5,C1/C2,C1/C2,I have no experience in Apple platform development other than the intro course.,https://itunes.apple.com/us/app/xcode/id497799835?mt=12,,very challenging,,Yes,Yes,No,Yes,beginner skills,extremely interested,,expert skills,hardly interested,Lorem ipsum dolor sit amet; consectetuer adipiscing elit. Aenean commodo ligula eget dolor. Aenean massa. Cum sociis natoque penatibus et magnis dis parturient montes; nascetur ridiculus mus. Donec qu,beginner skills,average interest,,beginner skills,hardly interested,,,QUAR,BMW,ALLZ,iHaus,ZF FH,McKIN,BSH,MED,IMT,TSYS,LMU,,Novice,Lorem ipsum dolor sit amet; consectetuer adipiscing elit. Aenean commodo ligula eget dolor. Aenean massa. Cum sociis natoque penatibus et magnis dis parturient montes; nascetur ridiculus mus. Donec qu,false,,true,false
Vorname 6,Nachname 6,vorname.nachname@6,tum_id_6,male,BSc Information Systems,5,Native,C1/C2,I have no experience in Apple platform development other than the intro course.,https://itunes.apple.com/us/app/xcode/id497799835?mt=12,,medium challenging,,Yes,Yes,No,Yes,no skills,high interest,,advanced skills,not interested at all,Lorem ipsum dolor sit amet; consectetuer adipiscing elit. Aenean commodo ligula eget dolor. Aenean massa. Cum sociis natoque penatibus et magnis dis parturient montes; nascetur ridiculus mus. Donec qu,average skills,high interest,,no skills,not interested at all,,,QUAR,iHaus,ALLZ,BSH,IMT,MED,BMW,TSYS,McKIN,ZF FH,LMU,,Advanced,Lorem ipsum dolor sit amet; consectetuer adipiscing elit. Aenean commodo ligula eget dolor. Aenean massa. Cum sociis natoque penatibus et magnis dis parturient montes; nascetur ridiculus mus. Donec qu,false,,true,false
Vorname 7,Nachname 7,vorname.nachname@7,tum_id_7,male,MSc Informatics,6,A1/A2,C1/C2,I have no experience in Apple platform development other than the intro course.,https://itunes.apple.com/us/app/xcode/id497799835?mt=12,,medium challenging,,Yes,No,No,Yes,advanced skills,extremely interested,Lorem ipsum dolor sit amet; consectetuer adipiscing elit. Aenean commodo ligula eget dolor. Aenean massa. Cum sociis natoque penatibus et magnis dis parturient montes; nascetur rid,expert skills,not interested at all,Lorem ipsum dolor sit amet; consectetuer adipiscing elit. Aenean commodo ligula eget dolor. Aenean massa. Cum sociis natoque penatibus et magnis dis parturient montes; nascetur ridiculus mus. Donec qu,average skills,high interest,,no skills,average interest,,I would live to start working in Ipraktikum.,ALLZ,McKIN,ZF FH,BSH,iHaus,MED,QUAR,IMT,BMW,TSYS,LMU,I would live to start working in Ipraktikum.,Normal,Lorem ipsum dolor sit amet; consectetuer adipiscing elit. Aenean commodo ligula eget dolor. Aenean massa. Cum sociis natoque penatibus et magnis dis parturient montes; nascetur ridiculus mus. Donec qu,false,,true,false
Vorname 8,Nachname 8,vorname.nachname@8,tum_id_8,male,BSc Informatics,5,Native,C1/C2,I have no experience in Apple platform development other than the intro course.,https://itunes.apple.com/us/app/xcode/id497799835?mt=12,,medium challenging,,No,No,No,No,advanced skills,extremely interested,Lorem ipsum dolor sit amet; consectetuer adipiscing elit. Aenean commodo ligula eget dolor. Aenean massa. Cum sociis natoque penatibus et magnis dis parturient montes; nascetur rid,expert skills,not interested at all,Lorem ipsum dolor sit amet; consectetuer adipiscing elit. Aenean commodo ligula eget dolor. Aenean massa. Cum sociis natoque penatibus et magnis dis parturient montes; nascetur ridiculus mus. Donec qu,average skills,average interest,,no skills,hardly interested,,,ALLZ,McKIN,iHaus,BSH,QUAR,ZF FH,IMT,MED,BMW,LMU,TSYS,,Normal,Lorem ipsum dolor sit amet; consectetuer adipiscing elit. Aenean commodo ligula eget dolor. Aenean massa. Cum sociis natoque penatibus et magnis dis parturient montes; nascetur ridiculus mus. Donec qu,false,,true,false
Vorname 9,Nachname 9,vorname.nachname@9,tum_id_9,male,MSE Bachelor,6,Native,C1/C2,I have no experience in Apple platform development other than the intro course.,https://itunes.apple.com/us/app/xcode/id497799835?mt=12,,very challenging,,Yes,Yes,No,Yes,beginner skills,hardly interested,,beginner skills,not interested at all,,beginner skills,hardly interested,,no skills,average interest,,,ZF FH,BSH,McKIN,QUAR,MED,ALLZ,TSYS,iHaus,IMT,BMW,LMU,,Novice,Lorem ipsum dolor sit amet; consectetuer adipiscing elit. Aenean commodo ligula eget dolor. Aenean massa. Cum sociis natoque penatibus et magnis dis parturient montes; nascetur ridiculus mus. Donec qu,false,,true,false
Vorname 10,Nachname 10,vorname.nachname@10,tum_id_10,male,BSc Information Systems,5,Native,C1/C2,I have no experience in Apple platform development other than the intro course.,https://itunes.apple.com/us/app/xcode/id497799835?mt=12,,medium challenging,,No,No,No,Yes,average skills,high interest,,advanced skills,not interested at all,Lorem ipsum dolor sit amet; consectetuer adipiscing elit. Aenean commodo ligula eget dolor. Aenean massa. Cum sociis natoque penatibus et magnis dis parturient montes; nascetur ridiculus mus. Donec qu,average skills,high interest,,no skills,not interested at all,,,QUAR,BSH,ALLZ,BMW,McKIN,IMT,iHaus,MED,ZF FH,TSYS,LMU,,Normal,Lorem ipsum dolor sit amet; consectetuer adipiscing elit. Aenean commodo ligula eget dolor. Aenean massa. Cum sociis natoque penatibus et magnis dis parturient montes; nascetur ridiculus mus. Donec qu,false,,true,false
Vorname 11,Nachname 11,vorname.nachname@11,tum_id_11,male,BSc Informatics,5,Native,C1/C2,I have no experience in Apple platform development other than the intro course.,https://itunes.apple.com/us/app/xcode/id497799835?mt=12,,hardly challenging,,No,Yes,No,Yes,advanced skills,extremely interested,Lorem ipsum dolor sit amet; consectetuer adipiscing elit. Aenean commodo ligula eget dolor. Aenean massa. Cum sociis natoque penatibus et magnis dis parturient montes; nascetur rid,expert skills,not interested at all,Lorem ipsum dolor sit amet; consectetuer adipiscing elit. Aenean commodo ligula eget dolor. Aenean massa. Cum sociis natoque penatibus et magnis dis parturient montes; nascetur ridiculus mus. Donec qu,advanced skills,extremely interested,Lorem ipsum dolor sit amet; consectetuer adipiscing elit. Aenean commodo ligula eget dolor. Aenean massa. Cum sociis natoque penatibus et magnis dis parturient montes; nascetur ridiculus mus. Donec qu,no skills,not interested at all,,,BSH,iHaus,MED,IMT,ALLZ,QUAR,TSYS,McKIN,ZF FH,LMU,BMW,,Advanced,Lorem ipsum dolor sit amet; consectetuer adipiscing elit. Aenean commodo ligula eget dolor. Aenean massa. Cum sociis natoque penatibus et magnis dis parturient montes; nascetur ridiculus mus. Donec qu,false,,true,false
Vorname 12,Nachname 12,vorname.nachname@12,tum_id_12,male,BSc Informatics,5,Native,C1/C2,I have no experience in Apple platform development other than the intro course.,https://itunes.apple.com/us/app/xcode/id497799835?mt=12,,medium challenging,,No,Yes,No,No,no skills,extremely interested,,expert skills,not interested at all,Lorem ipsum dolor sit amet; consectetuer adipiscing elit. Aenean commodo ligula eget dolor. Aenean massa. Cum sociis natoque penatibus et magnis dis parturient montes; nascetur ridiculus mus. Donec qu,no skills,average interest,,no skills,not interested at all,,,QUAR,IMT,BMW,ALLZ,ZF FH,iHaus,MED,McKIN,BSH,TSYS,LMU,,Normal,Lorem ipsum dolor sit amet; consectetuer adipiscing elit. Aenean commodo ligula eget dolor. Aenean massa. Cum sociis natoque penatibus et magnis dis parturient montes; nascetur ridiculus mus. Donec qu,false,,true,false
Vorname 13,Nachname 13,vorname.nachname@13,tum_id_13,male,MSc Informatics,3,A1/A2,C1/C2,I have no experience in Apple platform development other than the intro course.,https://itunes.apple.com/us/app/xcode/id497799835?mt=12,,hardly challenging,,No,No,No,No,advanced skills,extremely interested,Lorem ipsum dolor sit amet; consectetuer adipiscing elit. Aenean commodo ligula eget dolor. Aenean massa. Cum sociis natoque penatibus et magnis dis parturient montes; nascetur rid,expert skills,not interested at all,Lorem ipsum dolor sit amet; consectetuer adipiscing elit. Aenean commodo ligula eget dolor. Aenean massa. Cum sociis natoque penatibus et magnis dis parturient montes; nascetur ridiculus mus. Donec qu,advanced skills,high interest,Lorem ipsum dolor sit amet; consectetuer adipiscing elit. Aenean commodo ligula eget dolor. Aenean massa. Cum sociis natoque penatibus et magnis dis parturient montes; nascetur ridiculus mus. Donec qu,no skills,not interested at all,,,QUAR,iHaus,MED,ALLZ,BSH,McKIN,TSYS,ZF FH,BMW,IMT,LMU,,Advanced,Lorem ipsum dolor sit amet; consectetuer adipiscing elit. Aenean commodo ligula eget dolor. Aenean massa. Cum sociis natoque penatibus et magnis dis parturient montes; nascetur ridiculus mus. Donec qu,false,,false,false
Vorname 14,Nachname 14,vorname.nachname@14,tum_id_14,male,MSc Informatics,1,Native,C1/C2,I have no experience in Apple platform development other than the intro course.,https://itunes.apple.com/us/app/xcode/id497799835?mt=12,,medium challenging,,No,No,No,No,expert skills,extremely interested,Lorem ipsum dolor sit amet; consectetuer adipiscing elit. Aenean commodo ligula eget dolor. Aenean massa. Cum sociis natoque penatibus et magnis dis parturient montes; nascetur rid,expert skills,not interested at all,Lorem ipsum dolor sit amet; consectetuer adipiscing elit. Aenean commodo ligula eget dolor. Aenean massa. Cum sociis natoque penatibus et magnis dis parturient montes; nascetur ridiculus mus. Donec qu,advanced skills,high interest,Lorem ipsum dolor sit amet; consectetuer adipiscing elit. Aenean commodo ligula eget dolor. Aenean massa. Cum sociis natoque penatibus et magnis dis parturient montes; nascetur ridiculus mus. Donec qu,no skills,average interest,,,iHaus,BMW,ZF FH,McKIN,ALLZ,LMU,IMT,BSH,MED,QUAR,TSYS,,Normal,Lorem ipsum dolor sit amet; consectetuer adipiscing elit. Aenean commodo ligula eget dolor. Aenean massa. Cum sociis natoque penatibus et magnis dis parturient montes; nascetur ridiculus mus. Donec qu,false,,true,false
Vorname 15,Nachname 15,vorname.nachname@15,tum_id_15,male,MSc Informatics,3,A1/A2,B1/B2,I have no experience in Apple platform development other than the intro course.,https://itunes.apple.com/us/app/xcode/id497799835?mt=12,,medium challenging,,No,No,No,No,advanced skills,extremely interested,Lorem ipsum dolor sit amet; consectetuer adipiscing elit. Aenean commodo ligula eget dolor. Aenean massa. Cum sociis natoque penatibus et magnis dis parturient montes; nascetur rid,expert skills,average interest,Lorem ipsum dolor sit amet; consectetuer adipiscing elit. Aenean commodo ligula eget dolor. Aenean massa. Cum sociis natoque penatibus et magnis dis parturient montes; nascetur ridiculus mus. Donec qu,advanced skills,high interest,Lorem ipsum dolor sit amet; consectetuer adipiscing elit. Aenean commodo ligula eget dolor. Aenean massa. Cum sociis natoque penatibus et magnis dis parturient montes; nascetur ridiculus mus. Donec qu,average skills,not interested at all,,,BSH,BMW,ZF FH,iHaus,TSYS,IMT,ALLZ,MED,QUAR,McKIN,LMU,,Normal,Lorem ipsum dolor sit amet; consectetuer adipiscing elit. Aenean commodo ligula eget dolor. Aenean massa. Cum sociis natoque penatibus et magnis dis parturient montes; nascetur ridiculus mus. Donec qu,false,,false,false
Vorname 16,Nachname 16,vorname.nachname@16,tum_id_16,male,MSc Informatics,3,A1/A2,Native,I have no experience in Apple platform development other than the intro course.,https://itunes.apple.com/us/app/xcode/id497799835?mt=12,,very challenging,,No,Yes,No,Yes,advanced skills,average interest,Lorem ipsum dolor sit amet; consectetuer adipiscing elit. Aenean commodo ligula eget dolor. Aenean massa. Cum sociis natoque penatibus et magnis dis parturient montes; nascetur rid,average skills,hardly interested,,advanced skills,high interest,Lorem ipsum dolor sit amet; consectetuer adipiscing elit. Aenean commodo ligula eget dolor. Aenean massa. Cum sociis natoque penatibus et magnis dis parturient montes; nascetur ridiculus mus. Donec qu,beginner skills,hardly interested,,,ZF FH,IMT,LMU,MED,ALLZ,QUAR,BMW,TSYS,BSH,iHaus,McKIN,,Novice,Lorem ipsum dolor sit amet; consectetuer adipiscing elit. Aenean commodo ligula eget dolor. Aenean massa. Cum sociis natoque penatibus et magnis dis parturient montes; nascetur ridiculus mus. Donec qu,false,,true,false
Vorname 17,Nachname 17,vorname.nachname@17,tum_id_17,male,MSc Informatics,3,B1/B2,C1/C2,I have no experience in Apple platform development other than the intro course.,https://itunes.apple.com/us/app/xcode/id497799835?mt=12,,medium challenging,,No,Yes,No,Yes,expert skills,extremely interested,Lorem ipsum dolor sit amet; consectetuer adipiscing elit. Aenean commodo ligula eget dolor. Aenean massa. Cum sociis natoque penatibus et magnis dis parturient montes; nascetur rid,expert skills,not interested at all,Lorem ipsum dolor sit amet; consectetuer adipiscing elit. Aenean commodo ligula eget dolor. Aenean massa. Cum sociis natoque penatibus et magnis dis parturient montes; nascetur ridiculus mus. Donec qu,advanced skills,extremely interested,Lorem ipsum dolor sit amet; consectetuer adipiscing elit. Aenean commodo ligula eget dolor. Aenean massa. Cum sociis natoque penatibus et magnis dis parturient montes; nascetur ridiculus mus. Donec qu,no skills,hardly interested,,,QUAR,ALLZ,iHaus,BMW,BSH,ZF FH,McKIN,MED,IMT,TSYS,LMU,,Normal,Lorem ipsum dolor sit amet; consectetuer adipiscing elit. Aenean commodo ligula eget dolor. Aenean massa. Cum sociis natoque penatibus et magnis dis parturient montes; nascetur ridiculus mus. Donec qu,false,,true,false
Vorname 18,Nachname 18,vorname.nachname@18,tum_id_18,female,MSc Informatics,3,A1/A2,Native,I have no experience in Apple platform development other than the intro course.,https://itunes.apple.com/us/app/xcode/id497799835?mt=12,,very challenging,,No,No,No,Yes,average skills,high interest,,advanced skills,not interested at all,Lorem ipsum dolor sit amet; consectetuer adipiscing elit. Aenean commodo ligula eget dolor. Aenean massa. Cum sociis natoque penatibus et magnis dis parturient montes; nascetur ridiculus mus. Donec qu,advanced skills,extremely interested,Lorem ipsum dolor sit amet; consectetuer adipiscing elit. Aenean commodo ligula eget dolor. Aenean massa. Cum sociis natoque penatibus et magnis dis parturient montes; nascetur ridiculus mus. Donec qu,no skills,not interested at all,,Most projects look terrific; I just hope I will not end up in an internationals-only team; nor in a germans-only team (where the only language is german :) ).,QUAR,ZF FH,ALLZ,McKIN,iHaus,BMW,BSH,TSYS,MED,IMT,LMU,Most projects look terrific; I just hope I will not end up in an internationals-only team; nor in a germans-only team (where the only language is german :) ).,Novice,Lorem ipsum dolor sit amet; consectetuer adipiscing elit. Aenean commodo ligula eget dolor. Aenean massa. Cum sociis natoque penatibus et magnis dis parturient montes; nascetur ridiculus mus. Donec qu,false,,true,false
Vorname 19,Nachname 19,vorname.nachname@19,tum_id_19,male,MSc Informatics,3,Native,C1/C2,I have no experience in Apple platform development other than the intro course.,https://itunes.apple.com/us/app/xcode/id497799835?mt=12,,medium challenging,,Yes,No,No,No,average skills,extremely interested,,expert skills,not interested at all,Lorem ipsum dolor sit amet; consectetuer adipiscing elit. Aenean commodo ligula eget dolor. Aenean massa. Cum sociis natoque penatibus et magnis dis parturient montes; nascetur ridiculus mus. Donec qu,average skills,extremely interested,,no skills,average interest,,,QUAR,BSH,iHaus,BMW,MED,ALLZ,IMT,ZF FH,McKIN,TSYS,LMU,,Normal,Lorem ipsum dolor sit amet; consectetuer adipiscing elit. Aenean commodo ligula eget dolor. Aenean massa. Cum sociis natoque penatibus et magnis dis parturient montes; nascetur ridiculus mus. Donec qu,false,,true,false
Vorname 20,Nachname 20,vorname.nachname@20,tum_id_20,male,MSc Mechanical Engineering; Electrical Engineering,3,Native,B1/B2,I have been an active developer for a native Apple application.,https://itunes.apple.com/us/app/xcode/id497799835?mt=12,I completed an online course on developing iOS applications; and developed some little applications on my own as exercises. After the course i developed 2 other applications on my own; but did not publish them to the App Store.,hardly challenging,,Yes,Yes,No,Yes,average skills,high interest,,advanced skills,hardly interested,Lorem ipsum dolor sit amet; consectetuer adipiscing elit. Aenean commodo ligula eget dolor. Aenean massa. Cum sociis natoque penatibus et magnis dis parturient montes; nascetur ridiculus mus. Donec qu,average skills,average interest,,beginner skills,hardly interested,,,iHaus,QUAR,ALLZ,ZF FH,BMW,McKIN,MED,IMT,BSH,TSYS,LMU,,Advanced,Lorem ipsum dolor sit amet; consectetuer adipiscing elit. Aenean commodo ligula eget dolor. Aenean massa. Cum sociis natoque penatibus et magnis dis parturient montes; nascetur ridiculus mus. Donec qu,false,,true,false
Vorname 21,Nachname 21,vorname.nachname@21,tum_id_21,female,MSc Informatics,3,Native,C1/C2,I was involved in the development of a native Apple application; but I had another role than developer (e.g. tester).,https://itunes.apple.com/us/app/xcode/id497799835?mt=12,iOS Smart Games Praktikum at the LS1,medium challenging,,No,No,No,Yes,advanced skills,extremely interested,Lorem ipsum dolor sit amet; consectetuer adipiscing elit. Aenean commodo ligula eget dolor. Aenean massa. Cum sociis natoque penatibus et magnis dis parturient montes; nascetur rid,expert skills,not interested at all,Lorem ipsum dolor sit amet; consectetuer adipiscing elit. Aenean commodo ligula eget dolor. Aenean massa. Cum sociis natoque penatibus et magnis dis parturient montes; nascetur ridiculus mus. Donec qu,advanced skills,extremely interested,Lorem ipsum dolor sit amet; consectetuer adipiscing elit. Aenean commodo ligula eget dolor. Aenean massa. Cum sociis natoque penatibus et magnis dis parturient montes; nascetur ridiculus mus. Donec qu,no skills,not interested at all,,,BSH,McKIN,ALLZ,IMT,ZF FH,iHaus,TSYS,MED,BMW,QUAR,LMU,,Normal,Lorem ipsum dolor sit amet; consectetuer adipiscing elit. Aenean commodo ligula eget dolor. Aenean massa. Cum sociis natoque penatibus et magnis dis parturient montes; nascetur ridiculus mus. Donec qu,false,,true,false
Vorname 22,Nachname 22,vorname.nachname@22,tum_id_22,male,BSc Informatics,7,Native,B1/B2,I have no experience in Apple platform development other than the intro course.,,,very challenging,,No,No,No,No,no skills,high interest,,advanced skills,not interested at all,Lorem ipsum dolor sit amet; consectetuer adipiscing elit. Aenean commodo ligula eget dolor. Aenean massa. Cum sociis natoque penatibus et magnis dis parturient montes; nascetur ridiculus mus. Donec qu,beginner skills,hardly interested,,no skills,not interested at all,,,BSH,QUAR,iHaus,ALLZ,BMW,ZF FH,McKIN,TSYS,MED,IMT,LMU,,Novice,Lorem ipsum dolor sit amet; consectetuer adipiscing elit. Aenean commodo ligula eget dolor. Aenean massa. Cum sociis natoque penatibus et magnis dis parturient montes; nascetur ridiculus mus. Donec qu,false,,true,false
Vorname 23,Nachname 23,vorname.nachname@23,tum_id_23,male,BSc Information Systems,7,Native,B1/B2,I was involved in the development of a native Apple application; but I had another role than developer (e.g. tester).,https://itunes.apple.com/us/app/xcode/id497799835?mt=12,"I participated in the lecture """"Projektorganisation und Management"""" and developed an app within this course.",hardly challenging,,Yes,Yes,Yes,Yes,advanced skills,average interest,Lorem ipsum dolor sit amet; consectetuer adipiscing elit. Aenean commodo ligula eget dolor. Aenean massa. Cum sociis natoque penatibus et magnis dis parturient montes; nascetur rid,average skills,not interested at all,,beginner skills,average interest,,no skills,not interested at all,,I am sorry I fill out this survey to late but was traveling to DÃ¼sseldorf and got the info that I have to fill out this one again to late.,IMT,BMW,MED,ZF FH,QUAR,ALLZ,McKIN,iHaus,BSH,TSYS,LMU,I am sorry I fill out this survey to late but was traveling to DÃ¼sseldorf and got the info that I have to fill out this one again to late.,Advanced,Lorem ipsum dolor sit amet; consectetuer adipiscing elit. Aenean commodo ligula eget dolor. Aenean massa. Cum sociis natoque penatibus et magnis dis parturient montes; nascetur ridiculus mus. Donec qu,false,,true,false
Vorname 24,Nachname 24,vorname.nachname@24,tum_id_24,male,Engineering Science,6,Native,C1/C2,I have no experience in Apple platform development other than the intro course.,,,very challenging,,Yes,Yes,No,Yes,no skills,average interest,,average skills,hardly interested,,advanced skills,average interest,Lorem ipsum dolor sit amet; consectetuer adipiscing elit. Aenean commodo ligula eget dolor. Aenean massa. Cum sociis natoque penatibus et magnis dis parturient montes; nascetur ridiculus mus. Donec qu,beginner skills,hardly interested,,"In 2016 I co-founded a company called --REMOVED-- I signed a non-compete clause including all matters which are stated in our """"Unternehmensgegenstand"""".",BSH,IMT,ZF FH,MED,QUAR,ALLZ,iHaus,McKIN,LMU,TSYS,BMW,"In 2016 I co-founded a company called --REMOVED-- I signed a non-compete clause including all matters which are stated in our """"Unternehmensgegenstand"""".",Novice,Lorem ipsum dolor sit amet; consectetuer adipiscing elit. Aenean commodo ligula eget dolor. Aenean massa. Cum sociis natoque penatibus et magnis dis parturient montes; nascetur ridiculus mus. Donec qu,false,,true,false
Vorname 25,Nachname 25,vorname.nachname@25,tum_id_25,male,BSc Informatics,3,Native,B1/B2,I have been an active developer for a native Apple application.,https://itunes.apple.com/us/app/xcode/id497799835?mt=12,I used for example Swift 2 & 3; CoreData; MapKit; Audio and Video Frameworks in my own Applications.,hardly challenging,,No,Yes,No,Yes,beginner skills,high interest,,advanced skills,not interested at all,Lorem ipsum dolor sit amet; consectetuer adipiscing elit. Aenean commodo ligula eget dolor. Aenean massa. Cum sociis natoque penatibus et magnis dis parturient montes; nascetur ridiculus mus. Donec qu,advanced skills,hardly interested,Lorem ipsum dolor sit amet; consectetuer adipiscing elit. Aenean commodo ligula eget dolor. Aenean massa. Cum sociis natoque penatibus et magnis dis parturient montes; nascetur ridiculus mus. Donec qu,no skills,not interested at all,,I would love to get in the same project as --REMOVED--.  THANKS DORA / LUKAS :),BSH,MED,IMT,McKIN,iHaus,LMU,QUAR,ZF FH,ALLZ,BMW,TSYS,I would love to get in the same project as --REMOVED--.  THANKS DORA / LUKAS :),Advanced,Lorem ipsum dolor sit amet; consectetuer adipiscing elit. Aenean commodo ligula eget dolor. Aenean massa. Cum sociis natoque penatibus et magnis dis parturient montes; nascetur ridiculus mus. Donec qu,false,,true,false
Vorname 26,Nachname 26,vorname.nachname@26,tum_id_26,male,BSc Informatics,3,Native,B1/B2,I have been an active developer for a native Apple application.,,I developed some apps for personal use. My first first programming language was Python followed by Objectiv-C for my fist mac and iOS apps; then I switched to Swift in it's early beta. I'm also familiar with iOS Frameworks like MapKit; WebKit or CoreData.,hardly challenging,,Yes,Yes,No,Yes,advanced skills,extremely interested,Lorem ipsum dolor sit amet; consectetuer adipiscing elit. Aenean commodo ligula eget dolor. Aenean massa. Cum sociis natoque penatibus et magnis dis parturient montes; nascetur rid,expert skills,not interested at all,Lorem ipsum dolor sit amet; consectetuer adipiscing elit. Aenean commodo ligula eget dolor. Aenean massa. Cum sociis natoque penatibus et magnis dis parturient montes; nascetur ridiculus mus. Donec qu,advanced skills,high interest,Lorem ipsum dolor sit amet; consectetuer adipiscing elit. Aenean commodo ligula eget dolor. Aenean massa. Cum sociis natoque penatibus et magnis dis parturient montes; nascetur ridiculus mus. Donec qu,no skills,average interest,,I'd love to get in the same project as --REMOVED-- It would be great! Thanks --REMOVED--  Have a nice Day  cheers Matthias,BSH,MED,IMT,McKIN,iHaus,LMU,QUAR,ZF FH,ALLZ,BMW,TSYS,I'd love to get in the same project as --REMOVED-- It would be great! Thanks --REMOVED--  Have a nice Day  cheers Matthias,Advanced,Lorem ipsum dolor sit amet; consectetuer adipiscing elit. Aenean commodo ligula eget dolor. Aenean massa. Cum sociis natoque penatibus et magnis dis parturient montes; nascetur ridiculus mus. Donec qu,false,,true,false
Vorname 27,Nachname 27,vorname.nachname@27,tum_id_27,male,MSc Informatics,3,Native,C1/C2,I have no experience in Apple platform development other than the intro course.,,,medium challenging,,No,No,No,No,average skills,extremely interested,,expert skills,not interested at all,Lorem ipsum dolor sit amet; consectetuer adipiscing elit. Aenean commodo ligula eget dolor. Aenean massa. Cum sociis natoque penatibus et magnis dis parturient montes; nascetur ridiculus mus. Donec qu,advanced skills,extremely interested,Lorem ipsum dolor sit amet; consectetuer adipiscing elit. Aenean commodo ligula eget dolor. Aenean massa. Cum sociis natoque penatibus et magnis dis parturient montes; nascetur ridiculus mus. Donec qu,no skills,not interested at all,,,iHaus,QUAR,ALLZ,MED,IMT,ZF FH,McKIN,BSH,TSYS,BMW,LMU,,Normal,Lorem ipsum dolor sit amet; consectetuer adipiscing elit. Aenean commodo ligula eget dolor. Aenean massa. Cum sociis natoque penatibus et magnis dis parturient montes; nascetur ridiculus mus. Donec qu,false,,true,false
Vorname 28,Nachname 28,vorname.nachname@28,tum_id_28,male,BSc Informatics,5,C1/C2,C1/C2,I have no experience in Apple platform development other than the intro course.,,,medium challenging,,No,No,No,No,beginner skills,extremely interested,,expert skills,not interested at all,Lorem ipsum dolor sit amet; consectetuer adipiscing elit. Aenean commodo ligula eget dolor. Aenean massa. Cum sociis natoque penatibus et magnis dis parturient montes; nascetur ridiculus mus. Donec qu,beginner skills,high interest,,no skills,not interested at all,,I think everyone is expecting hard work this semester. So good luck to us. Excited to start working on the development. :-),QUAR,BSH,MED,iHaus,IMT,McKIN,LMU,ZF FH,BMW,ALLZ,TSYS,I think everyone is expecting hard work this semester. So good luck to us. Excited to start working on the development. :-),Normal,Lorem ipsum dolor sit amet; consectetuer adipiscing elit. Aenean commodo ligula eget dolor. Aenean massa. Cum sociis natoque penatibus et magnis dis parturient montes; nascetur ridiculus mus. Donec qu,false,,true,false
Vorname 29,Nachname 29,vorname.nachname@29,tum_id_29,male,BSc Informatics,5,Native,C1/C2,I have no experience in Apple platform development other than the intro course.,,,not challenging at all,,Yes,No,No,Yes,advanced skills,extremely interested,Lorem ipsum dolor sit amet; consectetuer adipiscing elit. Aenean commodo ligula eget dolor. Aenean massa. Cum sociis natoque penatibus et magnis dis parturient montes; nascetur rid,expert skills,average interest,Lorem ipsum dolor sit amet; consectetuer adipiscing elit. Aenean commodo ligula eget dolor. Aenean massa. Cum sociis natoque penatibus et magnis dis parturient montes; nascetur ridiculus mus. Donec qu,advanced skills,high interest,Lorem ipsum dolor sit amet; consectetuer adipiscing elit. Aenean commodo ligula eget dolor. Aenean massa. Cum sociis natoque penatibus et magnis dis parturient montes; nascetur ridiculus mus. Donec qu,average skills,high interest,,,BSH,QUAR,ALLZ,iHaus,IMT,BMW,MED,McKIN,TSYS,ZF FH,LMU,,Expert,Lorem ipsum dolor sit amet; consectetuer adipiscing elit. Aenean commodo ligula eget dolor. Aenean massa. Cum sociis natoque penatibus et magnis dis parturient montes; nascetur ridiculus mus. Donec qu,false,,false,false
Vorname 30,Nachname 30,vorname.nachname@30,tum_id_30,male,BSc Information Systems,5,Native,B1/B2,I was involved in the development of a native Apple application; but I had another role than developer (e.g. tester).,https://itunes.apple.com/us/app/xcode/id497799835?mt=12,"I have participated the introduction course and also participated in last semester course called """"Projectorganisation und Management"""" where we developed a small iOS application.",medium challenging,,Yes,Yes,No,Yes,advanced skills,extremely interested,Lorem ipsum dolor sit amet; consectetuer adipiscing elit. Aenean commodo ligula eget dolor. Aenean massa. Cum sociis natoque penatibus et magnis dis parturient montes; nascetur rid,expert skills,not interested at all,Lorem ipsum dolor sit amet; consectetuer adipiscing elit. Aenean commodo ligula eget dolor. Aenean massa. Cum sociis natoque penatibus et magnis dis parturient montes; nascetur ridiculus mus. Donec qu,average skills,high interest,,no skills,not interested at all,,,MED,IMT,iHaus,BMW,ALLZ,BSH,ZF FH,McKIN,QUAR,TSYS,LMU,,Normal,Lorem ipsum dolor sit amet; consectetuer adipiscing elit. Aenean commodo ligula eget dolor. Aenean massa. Cum sociis natoque penatibus et magnis dis parturient montes; nascetur ridiculus mus. Donec qu,false,,true,false
Vorname 31,Nachname 31,vorname.nachname@31,tum_id_31,male,BSc Information Systems,5,Native,C1/C2,I have been an active developer for a native Apple application.,,I watched the Stanford course on YouTube and began porting one of my Android apps over to iOS; which wasnât as complicated as I thought. Within a few days; the application was running and in feature parity with the Android counterpart. Given my previous Android experience; learning Swift has been quite easy and fun. Iâm feeling very comfortable with the language already.,hardly challenging,,Yes,No,No,Yes,average skills,extremely interested,,expert skills,not interested at all,Lorem ipsum dolor sit amet; consectetuer adipiscing elit. Aenean commodo ligula eget dolor. Aenean massa. Cum sociis natoque penatibus et magnis dis parturient montes; nascetur ridiculus mus. Donec qu,,,,no skills,not interested at all,,,iHaus,MED,ALLZ,IMT,ZF FH,QUAR,BMW,McKIN,TSYS,BSH,LMU,,Advanced,Lorem ipsum dolor sit amet; consectetuer adipiscing elit. Aenean commodo ligula eget dolor. Aenean massa. Cum sociis natoque penatibus et magnis dis parturient montes; nascetur ridiculus mus. Donec qu,false,,true,false
Vorname 32,Nachname 32,vorname.nachname@32,tum_id_32,male,MSc Informatics,3,A1/A2,C1/C2,I have no experience in Apple platform development other than the intro course.,,,medium challenging,,No,Yes,No,No,average skills,extremely interested,,expert skills,not interested at all,Lorem ipsum dolor sit amet; consectetuer adipiscing elit. Aenean commodo ligula eget dolor. Aenean massa. Cum sociis natoque penatibus et magnis dis parturient montes; nascetur ridiculus mus. Donec qu,average skills,high interest,,no skills,not interested at all,,,ZF FH,IMT,LMU,QUAR,iHaus,ALLZ,MED,TSYS,BSH,BMW,McKIN,,Normal,Lorem ipsum dolor sit amet; consectetuer adipiscing elit. Aenean commodo ligula eget dolor. Aenean massa. Cum sociis natoque penatibus et magnis dis parturient montes; nascetur ridiculus mus. Donec qu,false,,true,false
Vorname 33,Nachname 33,vorname.nachname@33,tum_id_33,male,MSc Information Systems,2,Native,B1/B2,I have no experience in Apple platform development other than the intro course.,,,extremely challenging,,No,Yes,No,Yes,advanced skills,high interest,Lorem ipsum dolor sit amet; consectetuer adipiscing elit. Aenean commodo ligula eget dolor. Aenean massa. Cum sociis natoque penatibus et magnis dis parturient montes; nascetur rid,advanced skills,not interested at all,Lorem ipsum dolor sit amet; consectetuer adipiscing elit. Aenean commodo ligula eget dolor. Aenean massa. Cum sociis natoque penatibus et magnis dis parturient montes; nascetur ridiculus mus. Donec qu,average skills,high interest,,no skills,not interested at all,,,BSH,ALLZ,QUAR,BMW,McKIN,MED,ZF FH,TSYS,IMT,LMU,iHaus,,Novice,Lorem ipsum dolor sit amet; consectetuer adipiscing elit. Aenean commodo ligula eget dolor. Aenean massa. Cum sociis natoque penatibus et magnis dis parturient montes; nascetur ridiculus mus. Donec qu,false,,true,false
Vorname 34,Nachname 34,vorname.nachname@34,tum_id_34,male,MSc Informatics,3,C1/C2,C1/C2,I have no experience in Apple platform development other than the intro course.,https://itunes.apple.com/us/app/xcode/id497799835?mt=12,,medium challenging,,Yes,No,No,No,advanced skills,extremely interested,Lorem ipsum dolor sit amet; consectetuer adipiscing elit. Aenean commodo ligula eget dolor. Aenean massa. Cum sociis natoque penatibus et magnis dis parturient montes; nascetur rid,expert skills,not interested at all,Lorem ipsum dolor sit amet; consectetuer adipiscing elit. Aenean commodo ligula eget dolor. Aenean massa. Cum sociis natoque penatibus et magnis dis parturient montes; nascetur ridiculus mus. Donec qu,average skills,high interest,,no skills,hardly interested,,,ALLZ,QUAR,BSH,MED,McKIN,BMW,iHaus,ZF FH,TSYS,IMT,LMU,,Normal,Lorem ipsum dolor sit amet; consectetuer adipiscing elit. Aenean commodo ligula eget dolor. Aenean massa. Cum sociis natoque penatibus et magnis dis parturient montes; nascetur ridiculus mus. Donec qu,false,,false,false
Vorname 35,Nachname 35,vorname.nachname@35,tum_id_35,male,MSc Informatics,3,A1/A2,C1/C2,I have no experience in Apple platform development other than the intro course.,https://itunes.apple.com/us/app/xcode/id497799835?mt=12,,extremely challenging,,No,No,No,No,advanced skills,extremely interested,Lorem ipsum dolor sit amet; consectetuer adipiscing elit. Aenean commodo ligula eget dolor. Aenean massa. Cum sociis natoque penatibus et magnis dis parturient montes; nascetur rid,expert skills,not interested at all,Lorem ipsum dolor sit amet; consectetuer adipiscing elit. Aenean commodo ligula eget dolor. Aenean massa. Cum sociis natoque penatibus et magnis dis parturient montes; nascetur ridiculus mus. Donec qu,,,,no skills,hardly interested,,,ALLZ,QUAR,BSH,MED,McKIN,BMW,iHaus,ZF FH,TSYS,IMT,LMU,,Novice,Lorem ipsum dolor sit amet; consectetuer adipiscing elit. Aenean commodo ligula eget dolor. Aenean massa. Cum sociis natoque penatibus et magnis dis parturient montes; nascetur ridiculus mus. Donec qu,false,,true,false
Vorname 36,Nachname 36,vorname.nachname@36,tum_id_36,male,MSc Games Engineering,3,B1/B2,C1/C2,I have been an active developer for a native Apple application.,https://itunes.apple.com/us/app/xcode/id497799835?mt=12,"Other than the introduction course; for my bachelor's degree in Syracuse University; in New York; USA; I took a course called ""Mobile Application Development."" This course involved 3 Android; 3 individual iOS projects; with an extra final project for iOS with 2 people-groups. I passed this course with A and since then I try to follow the Stanford iOS course from iTunes University on my free time.",hardly challenging,,Yes,Yes,No,Yes,expert skills,extremely interested,Lorem ipsum dolor sit amet; consectetuer adipiscing elit. Aenean commodo ligula eget dolor. Aenean massa. Cum sociis natoque penatibus et magnis dis parturient montes; nascetur rid,expert skills,high interest,Lorem ipsum dolor sit amet; consectetuer adipiscing elit. Aenean commodo ligula eget dolor. Aenean massa. Cum sociis natoque penatibus et magnis dis parturient montes; nascetur ridiculus mus. Donec qu,,,,advanced skills,high interest,Lorem ipsum dolor sit amet; consectetuer adipiscing elit. Aenean commodo ligula eget dolor. Aenean massa. Cum sociis natoque penatibus et magnis dis p,"Since I'm a Games Engineering student; I'd like to participate in a project directly/partly related to my major. Otherwise; this would be just an ""enjoyable experience that I did once"" for me.",QUAR,ALLZ,IMT,BMW,MED,iHaus,McKIN,BSH,ZF FH,TSYS,LMU,"Since I'm a Games Engineering student; I'd like to participate in a project directly/partly related to my major. Otherwise; this would be just an ""enjoyable experience that I did once"" for me.",Advanced,Lorem ipsum dolor sit amet; consectetuer adipiscing elit. Aenean commodo ligula eget dolor. Aenean massa. Cum sociis natoque penatibus et magnis dis parturient montes; nascetur ridiculus mus. Donec qu,false,,true,false
Vorname 37,Nachname 37,vorname.nachname@37,tum_id_37,male,BSc Information Systems,5,Native,C1/C2,I have no experience in Apple platform development other than the intro course.,https://itunes.apple.com/us/app/xcode/id497799835?mt=12,,extremely challenging,,Yes,Yes,No,Yes,no skills,high interest,,advanced skills,not interested at all,Lorem ipsum dolor sit amet; consectetuer adipiscing elit. Aenean commodo ligula eget dolor. Aenean massa. Cum sociis natoque penatibus et magnis dis parturient montes; nascetur ridiculus mus. Donec qu,no skills,hardly interested,,no skills,not interested at all,,,iHaus,QUAR,McKIN,ALLZ,IMT,BSH,MED,ZF FH,TSYS,BMW,LMU,,Novice,Lorem ipsum dolor sit amet; consectetuer adipiscing elit. Aenean commodo ligula eget dolor. Aenean massa. Cum sociis natoque penatibus et magnis dis parturient montes; nascetur ridiculus mus. Donec qu,false,,true,false
Vorname 38,Nachname 38,vorname.nachname@38,tum_id_38,male,BSc Informatics,5,Native,C1/C2,I have no experience in Apple platform development other than the intro course.,https://itunes.apple.com/us/app/xcode/id497799835?mt=12,,medium challenging,,No,Yes,No,Yes,expert skills,extremely interested,Lorem ipsum dolor sit amet; consectetuer adipiscing elit. Aenean commodo ligula eget dolor. Aenean massa. Cum sociis natoque penatibus et magnis dis parturient montes; nascetur rid,expert skills,not interested at all,Lorem ipsum dolor sit amet; consectetuer adipiscing elit. Aenean commodo ligula eget dolor. Aenean massa. Cum sociis natoque penatibus et magnis dis parturient montes; nascetur ridiculus mus. Donec qu,,,,no skills,hardly interested,,,ZF FH,QUAR,BSH,ALLZ,BMW,McKIN,MED,IMT,iHaus,TSYS,LMU,,Normal,,false,,true,false
Vorname 39,Nachname 39,vorname.nachname@39,tum_id_39,female,BSc Information Systems,5,Native,B1/B2,I have no experience in Apple platform development other than the intro course.,https://itunes.apple.com/us/app/xcode/id497799835?mt=12,,extremely challenging,,No,No,No,Yes,no skills,average interest,,average skills,not interested at all,,average skills,hardly interested,,no skills,not interested at all,,,iHaus,ALLZ,IMT,MED,BMW,McKIN,BSH,ZF FH,QUAR,LMU,TSYS,,Novice,,false,,true,false
Vorname 40,Nachname 40,vorname.nachname@40,tum_id_40,female,BSc Information Systems,5,Native,C1/C2,I have no experience in Apple platform development other than the intro course.,https://itunes.apple.com/us/app/xcode/id497799835?mt=12,,extremely challenging,,No,Yes,No,Yes,no skills,high interest,,advanced skills,not interested at all,Lorem ipsum dolor sit amet; consectetuer adipiscing elit. Aenean commodo ligula eget dolor. Aenean massa. Cum sociis natoque penatibus et magnis dis parturient montes; nascetur ridiculus mus. Donec qu,beginner skills,hardly interested,,no skills,not interested at all,,I am really glad that I got a place in this course because I am pretty sure I will learn a lot of new things and gain more experience :),iHaus,IMT,MED,McKIN,ALLZ,QUAR,BSH,TSYS,LMU,ZF FH,BMW,I am really glad that I got a place in this course because I am pretty sure I will learn a lot of new things and gain more experience :),Novice,,false,,true,false
Vorname 41,Nachname 41,vorname.nachname@41,tum_id_41,male,BSc Informatics,5,Native,B1/B2,I have no experience in Apple platform development other than the intro course.,https://itunes.apple.com/us/app/xcode/id497799835?mt=12,,hardly challenging,,No,Yes,No,Yes,expert skills,extremely interested,Lorem ipsum dolor sit amet; consectetuer adipiscing elit. Aenean commodo ligula eget dolor. Aenean massa. Cum sociis natoque penatibus et magnis dis parturient montes; nascetur rid,expert skills,not interested at all,Lorem ipsum dolor sit amet; consectetuer adipiscing elit. Aenean commodo ligula eget dolor. Aenean massa. Cum sociis natoque penatibus et magnis dis parturient montes; nascetur ridiculus mus. Donec qu,advanced skills,extremely interested,Lorem ipsum dolor sit amet; consectetuer adipiscing elit. Aenean commodo ligula eget dolor. Aenean massa. Cum sociis natoque penatibus et magnis dis parturient montes; nascetur ridiculus mus. Donec qu,no skills,extremely interested,,I have developed a system that drives our smart home at home (with the help of the knx enabled actors). Furthermore I developed an bluetooth smart sensor to collect the room humidity and temperature.,IMT,iHaus,BMW,QUAR,BSH,LMU,MED,ZF FH,TSYS,McKIN,ALLZ,I have developed a system that drives our smart home at home (with the help of the knx enabled actors). Furthermore I developed an bluetooth smart sensor to collect the room humidity and temperature.,Advanced,,false,,true,false
Vorname 42,Nachname 42,vorname.nachname@42,tum_id_42,male,BSc Information Systems,5,Native,C1/C2,I have no experience in Apple platform development other than the intro course.,https://itunes.apple.com/us/app/xcode/id497799835?mt=12,,extremely challenging,,No,Yes,No,Yes,average skills,high interest,,advanced skills,not interested at all,Lorem ipsum dolor sit amet; consectetuer adipiscing elit. Aenean commodo ligula eget dolor. Aenean massa. Cum sociis natoque penatibus et magnis dis parturient montes; nascetur ridiculus mus. Donec qu,average skills,hardly interested,,no skills,not interested at all,,Thanks for all the work :)  It's a hell lot and I have respect :),iHaus,QUAR,BMW,LMU,MED,IMT,McKIN,ZF FH,TSYS,BSH,ALLZ,Thanks for all the work :)  It's a hell lot and I have respect :),Novice,,false,,false,false
Vorname 43,Nachname 43,vorname.nachname@43,tum_id_43,male,MSc Information Systems,3,Native,C1/C2,I have no experience in Apple platform development other than the intro course.,https://itunes.apple.com/us/app/xcode/id497799835?mt=12,,medium challenging,,No,No,No,Yes,average skills,average interest,,average skills,not interested at all,,no skills,average interest,,no skills,hardly interested,,,ALLZ,QUAR,ZF FH,iHaus,BMW,TSYS,BSH,IMT,MED,LMU,McKIN,,Normal,,false,,true,false
Vorname 44,Nachname 44,vorname.nachname@44,tum_id_44,male,MSc Informatics,1,Native,C1/C2,I have no experience in Apple platform development other than the intro course.,https://itunes.apple.com/us/app/xcode/id497799835?mt=12,,medium challenging,,Yes,Yes,No,Yes,average skills,extremely interested,,expert skills,average interest,Lorem ipsum dolor sit amet; consectetuer adipiscing elit. Aenean commodo ligula eget dolor. Aenean massa. Cum sociis natoque penatibus et magnis dis parturient montes; nascetur ridiculus mus. Donec qu,advanced skills,extremely interested,Lorem ipsum dolor sit amet; consectetuer adipiscing elit. Aenean commodo ligula eget dolor. Aenean massa. Cum sociis natoque penatibus et magnis dis parturient montes; nascetur ridiculus mus. Donec qu,average skills,not interested at all,,,BSH,iHaus,QUAR,IMT,MED,McKIN,ALLZ,BMW,ZF FH,TSYS,LMU,,Normal,,false,,true,false
Vorname 45,Nachname 45,vorname.nachname@45,tum_id_45,male,MSc Informatics,2,Native,C1/C2,I have no experience in Apple platform development other than the intro course.,https://itunes.apple.com/us/app/xcode/id497799835?mt=12,,hardly challenging,,Yes,Yes,No,Yes,beginner skills,high interest,,advanced skills,not interested at all,Lorem ipsum dolor sit amet; consectetuer adipiscing elit. Aenean commodo ligula eget dolor. Aenean massa. Cum sociis natoque penatibus et magnis dis parturient montes; nascetur ridiculus mus. Donec qu,beginner skills,not interested at all,,no skills,not interested at all,,thanks,McKIN,iHaus,ZF FH,IMT,MED,BMW,BSH,ALLZ,QUAR,TSYS,LMU,thanks,Advanced,,false,,true,false
Vorname 46,Nachname 46,vorname.nachname@46,tum_id_46,male,MSc Informatics,3,C1/C2,C1/C2,I have no experience in Apple platform development other than the intro course.,https://itunes.apple.com/us/app/xcode/id497799835?mt=12,,medium challenging,,No,No,No,No,average skills,extremely interested,,expert skills,not interested at all,Lorem ipsum dolor sit amet; consectetuer adipiscing elit. Aenean commodo ligula eget dolor. Aenean massa. Cum sociis natoque penatibus et magnis dis parturient montes; nascetur ridiculus mus. Donec qu,beginner skills,high interest,,no skills,hardly interested,,,ZF FH,BMW,QUAR,iHaus,TSYS,McKIN,IMT,ALLZ,MED,LMU,BSH,,Normal,,false,,false,false
Vorname 47,Nachname 47,vorname.nachname@47,tum_id_47,male,MSc Information Systems,2,Native,C1/C2,I have no experience in Apple platform development other than the intro course.,https://itunes.apple.com/us/app/xcode/id497799835?mt=12,,medium challenging,,Yes,Yes,Yes,Yes,advanced skills,extremely interested,Lorem ipsum dolor sit amet; consectetuer adipiscing elit. Aenean commodo ligula eget dolor. Aenean massa. Cum sociis natoque penatibus et magnis dis parturient montes; nascetur rid,expert skills,not interested at all,Lorem ipsum dolor sit amet; consectetuer adipiscing elit. Aenean commodo ligula eget dolor. Aenean massa. Cum sociis natoque penatibus et magnis dis parturient montes; nascetur ridiculus mus. Donec qu,average skills,high interest,,no skills,not interested at all,,,QUAR,MED,IMT,McKIN,ZF FH,TSYS,iHaus,BSH,ALLZ,LMU,BMW,,Normal,,false,,true,false
Vorname 48,Nachname 48,vorname.nachname@48,tum_id_48,female,MSc Information Systems,3,Native,B1/B2,I have no experience in Apple platform development other than the intro course.,,,hardly challenging,,No,Yes,No,No,advanced skills,high interest,Lorem ipsum dolor sit amet; consectetuer adipiscing elit. Aenean commodo ligula eget dolor. Aenean massa. Cum sociis natoque penatibus et magnis dis parturient montes; nascetur rid,advanced skills,not interested at all,Lorem ipsum dolor sit amet; consectetuer adipiscing elit. Aenean commodo ligula eget dolor. Aenean massa. Cum sociis natoque penatibus et magnis dis parturient montes; nascetur ridiculus mus. Donec qu,average skills,high interest,,no skills,not interested at all,,,QUAR,ALLZ,IMT,MED,McKIN,TSYS,BSH,ZF FH,BMW,iHaus,LMU,,Advanced,,false,,true,false
Vorname 49,Nachname 49,vorname.nachname@49,tum_id_49,male,MSc Informatics,2,Native,C1/C2,I was involved in the development of a native Apple application; but I had another role than developer (e.g. tester).,https://itunes.apple.com/us/app/xcode/id497799835?mt=12,Games for iOS-Seminar WS 2013/14; and this intro course.,hardly challenging,,No,No,No,Yes,average skills,extremely interested,,expert skills,high interest,Lorem ipsum dolor sit amet; consectetuer adipiscing elit. Aenean commodo ligula eget dolor. Aenean massa. Cum sociis natoque penatibus et magnis dis parturient montes; nascetur ridiculus mus. Donec qu,advanced skills,extremely interested,Lorem ipsum dolor sit amet; consectetuer adipiscing elit. Aenean commodo ligula eget dolor. Aenean massa. Cum sociis natoque penatibus et magnis dis parturient montes; nascetur ridiculus mus. Donec qu,advanced skills,high interest,Lorem ipsum dolor sit amet; consectetuer adipiscing elit. Aenean commodo ligula eget dolor. Aenean massa. Cum sociis natoque penatibus et magnis dis p,I like to work in intercultural teams; like to learn new stuff and would describe myself as open and interested in nearly everything.,iHaus,TSYS,ZF FH,McKIN,IMT,QUAR,LMU,MED,BSH,BMW,ALLZ,I like to work in intercultural teams; like to learn new stuff and would describe myself as open and interested in nearly everything.,Advanced,,false,,true,false
Vorname 50,Nachname 50,vorname.nachname@50,tum_id_50,male,MSc Informatics,2,Native,C1/C2,I have no experience in Apple platform development other than the intro course.,,,hardly challenging,,No,No,No,No,advanced skills,extremely interested,Lorem ipsum dolor sit amet; consectetuer adipiscing elit. Aenean commodo ligula eget dolor. Aenean massa. Cum sociis natoque penatibus et magnis dis parturient montes; nascetur rid,expert skills,hardly interested,Lorem ipsum dolor sit amet; consectetuer adipiscing elit. Aenean commodo ligula eget dolor. Aenean massa. Cum sociis natoque penatibus et magnis dis parturient montes; nascetur ridiculus mus. Donec qu,advanced skills,extremely interested,Lorem ipsum dolor sit amet; consectetuer adipiscing elit. Aenean commodo ligula eget dolor. Aenean massa. Cum sociis natoque penatibus et magnis dis parturient montes; nascetur ridiculus mus. Donec qu,beginner skills,hardly interested,,,QUAR,BSH,iHaus,MED,BMW,ZF FH,McKIN,IMT,LMU,ALLZ,TSYS,,Advanced,,false,,true,false
Vorname 51,Nachname 51,vorname.nachname@51,tum_id_51,male,BSc Informatics,5,Native,C1/C2,I have no experience in Apple platform development other than the intro course.,,,hardly challenging,,No,No,No,No,average skills,extremely interested,,expert skills,not interested at all,Lorem ipsum dolor sit amet; consectetuer adipiscing elit. Aenean commodo ligula eget dolor. Aenean massa. Cum sociis natoque penatibus et magnis dis parturient montes; nascetur ridiculus mus. Donec qu,advanced skills,high interest,Lorem ipsum dolor sit amet; consectetuer adipiscing elit. Aenean commodo ligula eget dolor. Aenean massa. Cum sociis natoque penatibus et magnis dis parturient montes; nascetur ridiculus mus. Donec qu,no skills,not interested at all,,,BMW,MED,QUAR,IMT,BSH,LMU,McKIN,iHaus,TSYS,ZF FH,ALLZ,,Advanced,,false,,true,false
Vorname 52,Nachname 52,vorname.nachname@52,tum_id_52,female,BSc Information Systems,5,Native,C1/C2,I have no experience in Apple platform development other than the intro course.,,,medium challenging,,No,No,No,Yes,no skills,high interest,,advanced skills,not interested at all,Lorem ipsum dolor sit amet; consectetuer adipiscing elit. Aenean commodo ligula eget dolor. Aenean massa. Cum sociis natoque penatibus et magnis dis parturient montes; nascetur ridiculus mus. Donec qu,no skills,average interest,,no skills,not interested at all,,,McKIN,iHaus,MED,IMT,ALLZ,LMU,QUAR,ZF FH,BSH,BMW,TSYS,,Normal,,false,,true,false
Vorname 53,Nachname 53,vorname.nachname@53,tum_id_53,male,BSc Information Systems,5,Native,C1/C2,I have no experience in Apple platform development other than the intro course.,,,extremely challenging,,No,No,No,No,no skills,extremely interested,,expert skills,not interested at all,Lorem ipsum dolor sit amet; consectetuer adipiscing elit. Aenean commodo ligula eget dolor. Aenean massa. Cum sociis natoque penatibus et magnis dis parturient montes; nascetur ridiculus mus. Donec qu,beginner skills,high interest,,no skills,not interested at all,,,MED,IMT,iHaus,ALLZ,McKIN,QUAR,LMU,BSH,BMW,ZF FH,TSYS,,Novice,,false,,true,false
Vorname 54,Nachname 54,vorname.nachname@54,tum_id_54,male,BSc Informatics,5,Native,C1/C2,I have no experience in Apple platform development other than the intro course.,,,medium challenging,,No,Yes,No,Yes,no skills,extremely interested,,expert skills,not interested at all,Lorem ipsum dolor sit amet; consectetuer adipiscing elit. Aenean commodo ligula eget dolor. Aenean massa. Cum sociis natoque penatibus et magnis dis parturient montes; nascetur ridiculus mus. Donec qu,beginner skills,average interest,,no skills,not interested at all,,,ALLZ,iHaus,QUAR,IMT,ZF FH,BSH,McKIN,MED,TSYS,BMW,LMU,,Normal,,false,,true,false
Vorname 55,Nachname 55,vorname.nachname@55,tum_id_55,male,BSc Information Systems,5,Native,B1/B2,I have no experience in Apple platform development other than the intro course.,,,extremely challenging,,No,No,No,Yes,no skills,hardly interested,,beginner skills,not interested at all,,beginner skills,hardly interested,,no skills,not interested at all,,,iHaus,IMT,QUAR,MED,ALLZ,BSH,BMW,TSYS,McKIN,LMU,ZF FH,,Novice,,false,,true,false
Vorname 56,Nachname 56,vorname.nachname@56,tum_id_56,male,BSc Informatics,5,Native,C1/C2,I have no experience in Apple platform development other than the intro course.,,,medium challenging,,No,No,No,No,average skills,extremely interested,,expert skills,not interested at all,Lorem ipsum dolor sit amet; consectetuer adipiscing elit. Aenean commodo ligula eget dolor. Aenean massa. Cum sociis natoque penatibus et magnis dis parturient montes; nascetur ridiculus mus. Donec qu,beginner skills,high interest,,no skills,high interest,,,QUAR,ALLZ,BSH,iHaus,MED,BMW,ZF FH,McKIN,LMU,IMT,TSYS,,Normal,,false,,true,false
Vorname 57,Nachname 57,vorname.nachname@57,tum_id_57,male,BSc Information Systems,5,Native,C1/C2,I have no experience in Apple platform development other than the intro course.,,,medium challenging,,Yes,Yes,No,No,advanced skills,extremely interested,Lorem ipsum dolor sit amet; consectetuer adipiscing elit. Aenean commodo ligula eget dolor. Aenean massa. Cum sociis natoque penatibus et magnis dis parturient montes; nascetur rid,expert skills,hardly interested,Lorem ipsum dolor sit amet; consectetuer adipiscing elit. Aenean commodo ligula eget dolor. Aenean massa. Cum sociis natoque penatibus et magnis dis parturient montes; nascetur ridiculus mus. Donec qu,advanced skills,high interest,Lorem ipsum dolor sit amet; consectetuer adipiscing elit. Aenean commodo ligula eget dolor. Aenean massa. Cum sociis natoque penatibus et magnis dis parturient montes; nascetur ridiculus mus. Donec qu,beginner skills,hardly interested,,,McKIN,ALLZ,iHaus,TSYS,IMT,QUAR,BSH,ZF FH,MED,LMU,BMW,,Normal,,false,,true,false
Vorname 58,Nachname 58,vorname.nachname@58,tum_id_58,male,BSc Information Systems,5,C1/C2,B1/B2,I have no experience in Apple platform development other than the intro course.,,,medium challenging,,Yes,No,No,Yes,average skills,high interest,,advanced skills,not interested at all,Lorem ipsum dolor sit amet; consectetuer adipiscing elit. Aenean commodo ligula eget dolor. Aenean massa. Cum sociis natoque penatibus et magnis dis parturient montes; nascetur ridiculus mus. Donec qu,no skills,high interest,,no skills,hardly interested,,,ZF FH,iHaus,ALLZ,McKIN,QUAR,TSYS,BMW,MED,BSH,IMT,LMU,,Normal,,false,,true,false
Vorname 59,Nachname 59,vorname.nachname@59,tum_id_59,male,BSc Informatics,5,C1/C2,C1/C2,I have no experience in Apple platform development other than the intro course.,,,hardly challenging,,No,No,No,No,advanced skills,extremely interested,Lorem ipsum dolor sit amet; consectetuer adipiscing elit. Aenean commodo ligula eget dolor. Aenean massa. Cum sociis natoque penatibus et magnis dis parturient montes; nascetur rid,expert skills,high interest,Lorem ipsum dolor sit amet; consectetuer adipiscing elit. Aenean commodo ligula eget dolor. Aenean massa. Cum sociis natoque penatibus et magnis dis parturient montes; nascetur ridiculus mus. Donec qu,average skills,extremely interested,,advanced skills,average interest,Lorem ipsum dolor sit amet; consectetuer adipiscing elit. Aenean commodo ligula eget dolor. Aenean massa. Cum sociis natoque penatibus et magnis dis p,I'm not only interested in iOS but also in machine learning; which is the reason for my top 2 project choices.,ZF FH,McKIN,QUAR,MED,ALLZ,TSYS,IMT,BMW,BSH,iHaus,LMU,I'm not only interested in iOS but also in machine learning; which is the reason for my top 2 project choices.,Advanced,,false,,true,false
Vorname 60,Nachname 60,vorname.nachname@60,tum_id_60,female,MSc Information Systems,1,Native,C1/C2,I have no experience in Apple platform development other than the intro course.,,,extremely challenging,,No,No,No,No,average skills,high interest,,advanced skills,high interest,Lorem ipsum dolor sit amet; consectetuer adipiscing elit. Aenean commodo ligula eget dolor. Aenean massa. Cum sociis natoque penatibus et magnis dis parturient montes; nascetur ridiculus mus. Donec qu,average skills,hardly interested,,advanced skills,average interest,Lorem ipsum dolor sit amet; consectetuer adipiscing elit. Aenean commodo ligula eget dolor. Aenean massa. Cum sociis natoque penatibus et magnis dis p,,MED,QUAR,McKIN,ALLZ,IMT,iHaus,BMW,TSYS,BSH,LMU,ZF FH,,Novice,Lorem ipsum dolor sit amet; consectetuer adipiscing elit. Aenean commodo ligula eget dolor. Aenean massa. Cum sociis natoque penatibus et magnis dis parturient montes; nascetur ridiculus mus. Donec qu,false,,true,false
Vorname 61,Nachname 61,vorname.nachname@61,tum_id_61,female,MSc Informatics,1,A1/A2,C1/C2,I have been an active developer for a native Apple application.,https://itunes.apple.com/us/app/xcode/id497799835?mt=12,I have worked as iOS developer for 1.5 years. I used Objective C (before Swift was announced) and later on Swift. For my bachelor theses; i developed iOS application.,hardly challenging,,No,No,No,Yes,average skills,extremely interested,,expert skills,not interested at all,Lorem ipsum dolor sit amet; consectetuer adipiscing elit. Aenean commodo ligula eget dolor. Aenean massa. Cum sociis natoque penatibus et magnis dis parturient montes; nascetur ridiculus mus. Donec qu,average skills,high interest,,no skills,not interested at all,,,ALLZ,iHaus,BMW,QUAR,ZF FH,MED,McKIN,IMT,TSYS,BSH,LMU,,Expert,,false,,false,false
Vorname 62,Nachname 62,vorname.nachname@62,tum_id_62,male,MSc Informatics,1,A1/A2,Native,I have no experience in Apple platform development other than the intro course.,,,hardly challenging,,No,Yes,No,Yes,beginner skills,high interest,,advanced skills,hardly interested,Lorem ipsum dolor sit amet; consectetuer adipiscing elit. Aenean commodo ligula eget dolor. Aenean massa. Cum sociis natoque penatibus et magnis dis parturient montes; nascetur ridiculus mus. Donec qu,,,,beginner skills,not interested at all,,,QUAR,iHaus,LMU,ALLZ,McKIN,ZF FH,BMW,TSYS,BSH,MED,IMT,,Advanced,,false,,true,false
Vorname 63,Nachname 63,vorname.nachname@63,tum_id_63,male,MSc Informatics,2,A1/A2,C1/C2,I have no experience in Apple platform development other than the intro course.,,,extremely challenging,,No,No,No,No,expert skills,extremely interested,Lorem ipsum dolor sit amet; consectetuer adipiscing elit. Aenean commodo ligula eget dolor. Aenean massa. Cum sociis natoque penatibus et magnis dis parturient montes; nascetur rid,expert skills,hardly interested,Lorem ipsum dolor sit amet; consectetuer adipiscing elit. Aenean commodo ligula eget dolor. Aenean massa. Cum sociis natoque penatibus et magnis dis parturient montes; nascetur ridiculus mus. Donec qu,advanced skills,high interest,Lorem ipsum dolor sit amet; consectetuer adipiscing elit. Aenean commodo ligula eget dolor. Aenean massa. Cum sociis natoque penatibus et magnis dis parturient montes; nascetur ridiculus mus. Donec qu,beginner skills,average interest,,,ZF FH,iHaus,McKIN,BMW,IMT,MED,TSYS,QUAR,ALLZ,LMU,BSH,,Novice,Lorem ipsum dolor sit amet; consectetuer adipiscing elit. Aenean commodo ligula eget dolor. Aenean massa. Cum sociis natoque penatibus et magnis dis parturient montes; nascetur ridiculus mus. Donec qu,false,,true,false
Vorname 64,Nachname 64,vorname.nachname@64,tum_id_64,female,MSc Informatics,1,C1/C2,C1/C2,I have no experience in Apple platform development other than the intro course.,,,extremely challenging,,No,No,No,Yes,advanced skills,extremely interested,Lorem ipsum dolor sit amet; consectetuer adipiscing elit. Aenean commodo ligula eget dolor. Aenean massa. Cum sociis natoque penatibus et magnis dis parturient montes; nascetur rid,expert skills,not interested at all,Lorem ipsum dolor sit amet; consectetuer adipiscing elit. Aenean commodo ligula eget dolor. Aenean massa. Cum sociis natoque penatibus et magnis dis parturient montes; nascetur ridiculus mus. Donec qu,advanced skills,high interest,Lorem ipsum dolor sit amet; consectetuer adipiscing elit. Aenean commodo ligula eget dolor. Aenean massa. Cum sociis natoque penatibus et magnis dis parturient montes; nascetur ridiculus mus. Donec qu,no skills,not interested at all,,,iHaus,QUAR,MED,ALLZ,BSH,McKIN,IMT,BMW,TSYS,ZF FH,LMU,,Novice,Lorem ipsum dolor sit amet; consectetuer adipiscing elit. Aenean commodo ligula eget dolor. Aenean massa. Cum sociis natoque penatibus et magnis dis parturient montes; nascetur ridiculus mus. Donec qu,false,,true,false
Vorname 65,Nachname 65,vorname.nachname@65,tum_id_65,male,MSc Informatics,2,B1/B2,C1/C2,I have no experience in Apple platform development other than the intro course.,,,hardly challenging,,No,No,No,Yes,beginner skills,high interest,,advanced skills,hardly interested,Lorem ipsum dolor sit amet; consectetuer adipiscing elit. Aenean commodo ligula eget dolor. Aenean massa. Cum sociis natoque penatibus et magnis dis parturient montes; nascetur ridiculus mus. Donec qu,average skills,hardly interested,,beginner skills,not interested at all,,,MED,IMT,QUAR,BMW,iHaus,ALLZ,ZF FH,McKIN,TSYS,BSH,LMU,,Advanced,,false,,true,false
Vorname 66,Nachname 66,vorname.nachname@66,tum_id_66,male,MSc Informatics,2,A1/A2,C1/C2,I have been an active developer for a native Apple application.,,In my personal experience; iOS development makes me feel more comfortable; because the code is much more readable. I am able to create an iOS App from scratch. I am able to realise what makes a good UI; also I can track down issues using XCode debugger. From all the programming languages I am most experienced with Swift. Because of that; I have created from scratch a weather app with Swift.,hardly challenging,,Yes,Yes,No,Yes,advanced skills,extremely interested,Lorem ipsum dolor sit amet; consectetuer adipiscing elit. Aenean commodo ligula eget dolor. Aenean massa. Cum sociis natoque penatibus et magnis dis parturient montes; nascetur rid,expert skills,hardly interested,Lorem ipsum dolor sit amet; consectetuer adipiscing elit. Aenean commodo ligula eget dolor. Aenean massa. Cum sociis natoque penatibus et magnis dis parturient montes; nascetur ridiculus mus. Donec qu,advanced skills,average interest,Lorem ipsum dolor sit amet; consectetuer adipiscing elit. Aenean commodo ligula eget dolor. Aenean massa. Cum sociis natoque penatibus et magnis dis parturient montes; nascetur ridiculus mus. Donec qu,beginner skills,not interested at all,,Thank you for organising this amazing praktikum; this is a big opportunity for me.  I hope to be part of three first projects.,ZF FH,IMT,BMW,ALLZ,QUAR,iHaus,McKIN,MED,BSH,TSYS,LMU,Thank you for organising this amazing praktikum; this is a big opportunity for me.  I hope to be part of three first projects.,Advanced,,false,,true,false
Vorname 67,Nachname 67,vorname.nachname@67,tum_id_67,male,MSc Informatics,2,A1/A2,Native,I have no experience in Apple platform development other than the intro course.,,,hardly challenging,,No,No,No,Yes,advanced skills,extremely interested,Lorem ipsum dolor sit amet; consectetuer adipiscing elit. Aenean commodo ligula eget dolor. Aenean massa. Cum sociis natoque penatibus et magnis dis parturient montes; nascetur rid,expert skills,average interest,Lorem ipsum dolor sit amet; consectetuer adipiscing elit. Aenean commodo ligula eget dolor. Aenean massa. Cum sociis natoque penatibus et magnis dis parturient montes; nascetur ridiculus mus. Donec qu,advanced skills,high interest,Lorem ipsum dolor sit amet; consectetuer adipiscing elit. Aenean commodo ligula eget dolor. Aenean massa. Cum sociis natoque penatibus et magnis dis parturient montes; nascetur ridiculus mus. Donec qu,average skills,not interested at all,,"Please don't match me with McKinsy. It would be extremely pointless since I have actually published a paper on the same topic """"real-time cloud base system for home monitoring infants""""",QUAR,BMW,MED,iHaus,BSH,ALLZ,IMT,ZF FH,TSYS,McKIN,LMU,"Please don't match me with McKinsy. It would be extremely pointless since I have actually published a paper on the same topic """"real-time cloud base system for home monitoring infants""""",Advanced,,false,,true,false
Vorname 68,Nachname 68,vorname.nachname@68,tum_id_68,female,MSc Informatics,2,A1/A2,C1/C2,I have no experience in Apple platform development other than the intro course.,,,medium challenging,,No,No,No,No,advanced skills,high interest,Lorem ipsum dolor sit amet; consectetuer adipiscing elit. Aenean commodo ligula eget dolor. Aenean massa. Cum sociis natoque penatibus et magnis dis parturient montes; nascetur rid,advanced skills,not interested at all,Lorem ipsum dolor sit amet; consectetuer adipiscing elit. Aenean commodo ligula eget dolor. Aenean massa. Cum sociis natoque penatibus et magnis dis parturient montes; nascetur ridiculus mus. Donec qu,average skills,high interest,,no skills,not interested at all,,,QUAR,BMW,MED,iHaus,BSH,ALLZ,IMT,ZF FH,TSYS,McKIN,LMU,,Normal,,false,,true,false
Vorname 69,Nachname 69,vorname.nachname@69,tum_id_69,male,BSc Informatics,3,Native,C1/C2,I have submitted my own native Apple application(s) to the AppStore.,,I have previously developed a step counter app (walk-a-bit) that made it into the app store using objc with cocoa pods as a dependency manager. It wasn't the most algorithmically challenging; but gave some nice insights into the patterns and APIs used when working with iOS. I have also done some work in parallel to the iPraktikum crash course and familiarised myself with code linters and similar.,hardly challenging,,Yes,Yes,No,Yes,expert skills,extremely interested,Lorem ipsum dolor sit amet; consectetuer adipiscing elit. Aenean commodo ligula eget dolor. Aenean massa. Cum sociis natoque penatibus et magnis dis parturient montes; nascetur rid,expert skills,not interested at all,Lorem ipsum dolor sit amet; consectetuer adipiscing elit. Aenean commodo ligula eget dolor. Aenean massa. Cum sociis natoque penatibus et magnis dis parturient montes; nascetur ridiculus mus. Donec qu,no skills,extremely interested,,no skills,extremely interested,,Looking at the presentations that I saw today made my realise once more why I chose this course: The real problems and real customers spark even more enthusiasm in me; and I look forward to the work!,ZF FH,QUAR,ALLZ,BSH,McKIN,MED,IMT,iHaus,BMW,TSYS,LMU,Looking at the presentations that I saw today made my realise once more why I chose this course: The real problems and real customers spark even more enthusiasm in me; and I look forward to the work!,Advanced,,false,,true,false
Vorname 70,Nachname 70,vorname.nachname@70,tum_id_70,male,MSc Informatics,4,A1/A2,C1/C2,I was involved in the development of a native Apple application; but I had another role than developer (e.g. tester).,https://itunes.apple.com/us/app/xcode/id497799835?mt=12,I helped a little bit in TeleClinic iOS app but I didn't write a lot of code.,medium challenging,,No,No,No,Yes,advanced skills,extremely interested,Lorem ipsum dolor sit amet; consectetuer adipiscing elit. Aenean commodo ligula eget dolor. Aenean massa. Cum sociis natoque penatibus et magnis dis parturient montes; nascetur rid,expert skills,hardly interested,Lorem ipsum dolor sit amet; consectetuer adipiscing elit. Aenean commodo ligula eget dolor. Aenean massa. Cum sociis natoque penatibus et magnis dis parturient montes; nascetur ridiculus mus. Donec qu,advanced skills,extremely interested,Lorem ipsum dolor sit amet; consectetuer adipiscing elit. Aenean commodo ligula eget dolor. Aenean massa. Cum sociis natoque penatibus et magnis dis parturient montes; nascetur ridiculus mus. Donec qu,beginner skills,average interest,,,iHaus,QUAR,ALLZ,ZF FH,MED,BSH,IMT,TSYS,BMW,McKIN,LMU,,Normal,,false,,true,false
Vorname 71,Nachname 71,vorname.nachname@71,tum_id_71,male,BSc Informatics,5,Native,C1/C2,I have no experience in Apple platform development other than the intro course.,,,hardly challenging,,No,No,No,Yes,advanced skills,extremely interested,Lorem ipsum dolor sit amet; consectetuer adipiscing elit. Aenean commodo ligula eget dolor. Aenean massa. Cum sociis natoque penatibus et magnis dis parturient montes; nascetur rid,expert skills,hardly interested,Lorem ipsum dolor sit amet; consectetuer adipiscing elit. Aenean commodo ligula eget dolor. Aenean massa. Cum sociis natoque penatibus et magnis dis parturient montes; nascetur ridiculus mus. Donec qu,average skills,extremely interested,,beginner skills,high interest,,,iHaus,MED,ZF FH,IMT,ALLZ,BSH,McKIN,TSYS,LMU,BMW,QUAR,,Advanced,,false,,true,false
Vorname 72,Nachname 72,vorname.nachname@72,tum_id_72,female,BSc Informatics,5,Native,Native,I have no experience in Apple platform development other than the intro course.,,,extremely challenging,,No,Yes,No,No,average skills,extremely interested,,expert skills,not interested at all,Lorem ipsum dolor sit amet; consectetuer adipiscing elit. Aenean commodo ligula eget dolor. Aenean massa. Cum sociis natoque penatibus et magnis dis parturient montes; nascetur ridiculus mus. Donec qu,beginner skills,high interest,,no skills,not interested at all,,,ALLZ,McKIN,BSH,iHaus,QUAR,IMT,MED,ZF FH,BMW,LMU,TSYS,,Novice,Lorem ipsum dolor sit amet; consectetuer adipiscing elit. Aenean commodo ligula eget dolor. Aenean massa. Cum sociis natoque penatibus et magnis dis parturient montes; nascetur ridiculus mus. Donec qu,false,,true,false
Vorname 73,Nachname 73,vorname.nachname@73,tum_id_73,male,BSc Information Systems,5,Native,C1/C2,I have no experience in Apple platform development other than the intro course.,,,extremely challenging,,Yes,Yes,No,Yes,beginner skills,high interest,,advanced skills,not interested at all,Lorem ipsum dolor sit amet; consectetuer adipiscing elit. Aenean commodo ligula eget dolor. Aenean massa. Cum sociis natoque penatibus et magnis dis parturient montes; nascetur ridiculus mus. Donec qu,average skills,high interest,,no skills,not interested at all,,I would like to get in a team with --REMOVED-- because we are already used to work together.,BMW,iHaus,IMT,MED,QUAR,ZF FH,LMU,TSYS,BSH,McKIN,ALLZ,I would like to get in a team with --REMOVED-- because we are already used to work together.,Novice,Lorem ipsum dolor sit amet; consectetuer adipiscing elit. Aenean commodo ligula eget dolor. Aenean massa. Cum sociis natoque penatibus et magnis dis parturient montes; nascetur ridiculus mus. Donec qu,false,,true,false
Vorname 74,Nachname 74,vorname.nachname@74,tum_id_74,male,BSc Information Systems,5,Native,B1/B2,I have no experience in Apple platform development other than the intro course.,,,medium challenging,,No,No,No,No,average skills,high interest,,advanced skills,not interested at all,Lorem ipsum dolor sit amet; consectetuer adipiscing elit. Aenean commodo ligula eget dolor. Aenean massa. Cum sociis natoque penatibus et magnis dis parturient montes; nascetur ridiculus mus. Donec qu,no skills,average interest,,no skills,hardly interested,,,MED,McKIN,QUAR,BMW,BSH,LMU,iHaus,ALLZ,ZF FH,TSYS,IMT,,Normal,,false,,true,false
Vorname 75,Nachname 75,vorname.nachname@75,tum_id_75,male,BSc Informatics,5,Native,B1/B2,I have no experience in Apple platform development other than the intro course.,,,medium challenging,,No,No,No,Yes,beginner skills,high interest,,advanced skills,not interested at all,Lorem ipsum dolor sit amet; consectetuer adipiscing elit. Aenean commodo ligula eget dolor. Aenean massa. Cum sociis natoque penatibus et magnis dis parturient montes; nascetur ridiculus mus. Donec qu,average skills,high interest,,no skills,hardly interested,,,BMW,IMT,TSYS,QUAR,iHaus,MED,McKIN,BSH,ALLZ,LMU,ZF FH,,Normal,,false,,true,false
Vorname 76,Nachname 76,vorname.nachname@76,tum_id_76,male,BSc Informatics,5,Native,C1/C2,I have no experience in Apple platform development other than the intro course.,,,medium challenging,,No,Yes,No,Yes,beginner skills,high interest,,advanced skills,not interested at all,Lorem ipsum dolor sit amet; consectetuer adipiscing elit. Aenean commodo ligula eget dolor. Aenean massa. Cum sociis natoque penatibus et magnis dis parturient montes; nascetur ridiculus mus. Donec qu,beginner skills,high interest,,no skills,hardly interested,,It is my first real project for a costumer where I use my computer science skills.,iHaus,TSYS,ZF FH,IMT,McKIN,QUAR,BMW,BSH,ALLZ,MED,LMU,It is my first real project for a costumer where I use my computer science skills.,Normal,,false,,true,true
Vorname 77,Nachname 77,vorname.nachname@77,tum_id_77,male,BSc Informatics,5,Native,C1/C2,I have no experience in Apple platform development other than the intro course.,,,medium challenging,,No,Yes,No,Yes,beginner skills,extremely interested,,expert skills,not interested at all,Lorem ipsum dolor sit amet; consectetuer adipiscing elit. Aenean commodo ligula eget dolor. Aenean massa. Cum sociis natoque penatibus et magnis dis parturient montes; nascetur ridiculus mus. Donec qu,beginner skills,hardly interested,,no skills,not interested at all,,,ZF FH,ALLZ,BMW,McKIN,BSH,iHaus,IMT,MED,TSYS,QUAR,LMU,,Normal,,false,,true,true
Vorname 78,Nachname 78,vorname.nachname@78,tum_id_78,male,BSc Informatics,5,Native,B1/B2,I have no experience in Apple platform development other than the intro course.,,,medium challenging,,Yes,Yes,No,Yes,beginner skills,extremely interested,,expert skills,hardly interested,Lorem ipsum dolor sit amet; consectetuer adipiscing elit. Aenean commodo ligula eget dolor. Aenean massa. Cum sociis natoque penatibus et magnis dis parturient montes; nascetur ridiculus mus. Donec qu,beginner skills,average interest,,beginner skills,not interested at all,,,McKIN,ALLZ,IMT,iHaus,QUAR,ZF FH,MED,BSH,TSYS,BMW,LMU,,Normal,,false,,true,true
Vorname 79,Nachname 79,vorname.nachname@79,tum_id_79,male,BSc Informatics,5,Native,C1/C2,I have no experience in Apple platform development other than the intro course.,,,hardly challenging,,No,Yes,No,Yes,beginner skills,extremely interested,,expert skills,average interest,Lorem ipsum dolor sit amet; consectetuer adipiscing elit. Aenean commodo ligula eget dolor. Aenean massa. Cum sociis natoque penatibus et magnis dis parturient montes; nascetur ridiculus mus. Donec qu,,,,average skills,average interest,,Long term OOP programming skills; mainly with java on an almost daily basis for 5+ years. Experience with working on large scale projects (600k+ LoC as well as a multitude of dependencies).,ZF FH,IMT,ALLZ,BMW,MED,QUAR,iHaus,TSYS,McKIN,BSH,LMU,Long term OOP programming skills; mainly with java on an almost daily basis for 5+ years. Experience with working on large scale projects (600k+ LoC as well as a multitude of dependencies).,Advanced,,false,,false,true
Vorname 80,Nachname 80,vorname.nachname@80,tum_id_80,male,BSc Informatics,3,Native,C1/C2,I have no experience in Apple platform development other than the intro course.,,,medium challenging,,No,No,No,No,average skills,high interest,,advanced skills,hardly interested,Lorem ipsum dolor sit amet; consectetuer adipiscing elit. Aenean commodo ligula eget dolor. Aenean massa. Cum sociis natoque penatibus et magnis dis parturient montes; nascetur ridiculus mus. Donec qu,beginner skills,average interest,,beginner skills,hardly interested,,,McKIN,iHaus,QUAR,MED,IMT,LMU,ZF FH,TSYS,BMW,ALLZ,BSH,,Normal,,false,,true,true